Name,Link,Class
dataset_motorcycles/output_image1.png,https://spb.x-m.su/upload/resize_cache/iblock/910/238_150_1fc38cb385555de6e1e8d9495b004972a/nt17iokfkzeopux3tm9kmrz5nd3c2f80.jpg,motorcycle
dataset_motorcycles/output_image2.png,https://spb.x-m.su/upload/resize_cache/iblock/168/238_150_1fc38cb385555de6e1e8d9495b004972a/g1a088ob15qy1pk9e11n1oxujcd8t61j.jpg,motorcycle
dataset_motorcycles/output_image3.png,https://spb.x-m.su/upload/resize_cache/iblock/e15/238_150_1fc38cb385555de6e1e8d9495b004972a/gm7fguqas784ecdq6bnj0i4wyb4a8kdt.jpeg,motorcycle
dataset_motorcycles/output_image4.png,https://spb.x-m.su/upload/resize_cache/iblock/582/238_150_1fc38cb385555de6e1e8d9495b004972a/57myxefm98uqklr3gi8gzx5kfmin663z.webp,motorcycle
dataset_motorcycles/output_image5.png,https://spb.x-m.su/upload/resize_cache/iblock/dfe/238_150_1fc38cb385555de6e1e8d9495b004972a/2hrp2kf3ty073ggjehxaanni77o37oql.JPEG,motorcycle
dataset_motorcycles/output_image6.png,https://spb.x-m.su/upload/resize_cache/iblock/56c/238_150_1fc38cb385555de6e1e8d9495b004972a/aq932l7als9ksvzan0017xbv1m1dx8jd.jpg,motorcycle
dataset_motorcycles/output_image7.png,https://spb.x-m.su/upload/resize_cache/iblock/ad6/238_150_1fc38cb385555de6e1e8d9495b004972a/f3k5u9lqxqiv1bpk0531xati1kgikcoa.jpg,motorcycle
dataset_motorcycles/output_image8.png,https://spb.x-m.su/upload/resize_cache/iblock/2d9/238_150_1fc38cb385555de6e1e8d9495b004972a/5tuhtwe4t0f30i44c14i4suk543w0faq.jpg,motorcycle
dataset_motorcycles/output_image9.png,https://spb.x-m.su/upload/resize_cache/iblock/710/238_150_1fc38cb385555de6e1e8d9495b004972a/l7mynd6m8vwawwhwng7pg5900vfalwo4.jpg,motorcycle
dataset_motorcycles/output_image10.png,https://spb.x-m.su/upload/resize_cache/iblock/aba/238_150_1fc38cb385555de6e1e8d9495b004972a/rqdq42w8hfx8tnarm924kzx6q98r910x.JPG,motorcycle
dataset_motorcycles/output_image11.png,https://spb.x-m.su/upload/resize_cache/iblock/7a9/238_150_1fc38cb385555de6e1e8d9495b004972a/kp8r310oszyahayvj03rju09y2d5dm76.png,motorcycle
dataset_motorcycles/output_image12.png,https://spb.x-m.su/upload/resize_cache/iblock/6e9/238_150_1fc38cb385555de6e1e8d9495b004972a/krmmhgi7qdzh22skjm8k70b3asrfzhr1.webp,motorcycle
dataset_motorcycles/output_image13.png,https://spb.x-m.su/upload/resize_cache/iblock/c59/238_150_1fc38cb385555de6e1e8d9495b004972a/uzk9tsdz02ejg0skvhdm9f4oaxehimxf.jpg,motorcycle
dataset_motorcycles/output_image14.png,https://spb.x-m.su/upload/resize_cache/iblock/26f/238_150_1fc38cb385555de6e1e8d9495b004972a/726zlg6ybdyba237su09yrszlc40m4vg.webp,motorcycle
dataset_motorcycles/output_image15.png,https://spb.x-m.su/upload/resize_cache/iblock/b9d/238_150_1fc38cb385555de6e1e8d9495b004972a/xkroor4m1o54m6cepxy9elbpi89r3fs7.webp,motorcycle
dataset_motorcycles/output_image16.png,https://spb.x-m.su/upload/resize_cache/iblock/db9/238_150_1fc38cb385555de6e1e8d9495b004972a/2lauer435bucr2tigh1ts24md0rjmjau.jpeg,motorcycle
dataset_motorcycles/output_image17.png,https://spb.x-m.su/upload/resize_cache/iblock/a57/238_150_1fc38cb385555de6e1e8d9495b004972a/wu0c105hhjcvwdtlvroi46a76vreqcp7.jpg,motorcycle
dataset_motorcycles/output_image18.png,https://spb.x-m.su/upload/resize_cache/iblock/f5e/238_150_1fc38cb385555de6e1e8d9495b004972a/x3wcswkm2sa2vt47wcyzxizdloay36x2.jpg,motorcycle
dataset_motorcycles/output_image19.png,https://spb.x-m.su/upload/resize_cache/iblock/6a0/238_150_1fc38cb385555de6e1e8d9495b004972a/ipp8np8187ssvh20a5e2ji8ca6hrc4i5.png,motorcycle
dataset_motorcycles/output_image20.png,https://spb.x-m.su/upload/resize_cache/iblock/c6b/238_150_1fc38cb385555de6e1e8d9495b004972a/meemiwwy4zq7jfxm9pqs5bos09u0ckoj.webp,motorcycle
dataset_motorcycles/output_image21.png,https://spb.x-m.su/upload/resize_cache/iblock/aa4/238_150_1fc38cb385555de6e1e8d9495b004972a/qwdsq2f6e2sw821j91kr2a9b4jlzzvmq.jpg,motorcycle
dataset_motorcycles/output_image22.png,https://spb.x-m.su/upload/resize_cache/iblock/080/238_150_1fc38cb385555de6e1e8d9495b004972a/ntm20hhj24ywg0t47bq5qitixhy3r950.jpg,motorcycle
dataset_motorcycles/output_image23.png,https://spb.x-m.su/upload/resize_cache/iblock/39c/238_150_1fc38cb385555de6e1e8d9495b004972a/idja35gk87lkjnhpugt6ycaihjaxwm7z.jpg,motorcycle
dataset_motorcycles/output_image24.png,https://spb.x-m.su/upload/resize_cache/iblock/5d3/238_150_1fc38cb385555de6e1e8d9495b004972a/v106y3k5v6nep7gd8r6r3d9i8zwxyzlf.png,motorcycle
dataset_motorcycles/output_image25.png,https://spb.x-m.su/upload/resize_cache/iblock/c96/238_150_1fc38cb385555de6e1e8d9495b004972a/7e26vvxi9aygerd3keit53pq2cwbtt0p.jpg,motorcycle
dataset_motorcycles/output_image26.png,https://spb.x-m.su/upload/resize_cache/iblock/27d/238_150_1fc38cb385555de6e1e8d9495b004972a/lf4rjcgigeqe03o8b299m8p8kz629n0b.jpeg,motorcycle
dataset_motorcycles/output_image27.png,https://spb.x-m.su/upload/resize_cache/iblock/481/238_150_1fc38cb385555de6e1e8d9495b004972a/f8sdt3x0cec2gc13r8k0blwg0ncd8yfr.jpg,motorcycle
dataset_motorcycles/output_image28.png,https://spb.x-m.su/upload/resize_cache/iblock/b63/238_150_1fc38cb385555de6e1e8d9495b004972a/l0c65nmfm3jx3pexp4fsi3g5k29ldofu.jpg,motorcycle
dataset_motorcycles/output_image29.png,https://spb.x-m.su/upload/resize_cache/iblock/e01/238_150_1fc38cb385555de6e1e8d9495b004972a/w3v079itfwuf99dzk6r2nfwckdsbs15g.jpg,motorcycle
dataset_motorcycles/output_image30.png,https://spb.x-m.su/upload/resize_cache/iblock/4a9/238_150_1fc38cb385555de6e1e8d9495b004972a/gt24mz6x9bf36m4wckd9t4a59o2shrq0.PNG,motorcycle
dataset_motorcycles/output_image31.png,https://spb.x-m.su/upload/resize_cache/iblock/8b0/238_150_1fc38cb385555de6e1e8d9495b004972a/dxhsxu2kxyj437qllcukrcqypbjr9pv5.jpg,motorcycle
dataset_motorcycles/output_image32.png,https://spb.x-m.su/upload/resize_cache/iblock/fd0/238_150_1fc38cb385555de6e1e8d9495b004972a/8pktzvt61u4pos6eyh8yvemy32wa2k12.png,motorcycle
dataset_motorcycles/output_image33.png,https://spb.x-m.su/upload/resize_cache/iblock/e4d/238_150_1fc38cb385555de6e1e8d9495b004972a/wu7fyg5p2h8uk6bspy2e1v2b5pjeb064.jpg,motorcycle
dataset_motorcycles/output_image34.png,https://spb.x-m.su/upload/resize_cache/iblock/887/238_150_1fc38cb385555de6e1e8d9495b004972a/4tiacjzmmjkta7vmps735oxycoioizi0.jpg,motorcycle
dataset_motorcycles/output_image35.png,https://spb.x-m.su/upload/resize_cache/iblock/523/238_150_1fc38cb385555de6e1e8d9495b004972a/35dro33y64b68eou1g7fu2sl3u0aj9eg.jpg,motorcycle
dataset_motorcycles/output_image36.png,https://spb.x-m.su/upload/resize_cache/iblock/47b/238_150_1fc38cb385555de6e1e8d9495b004972a/gtoqn201sfhx541gyi9gyhnz1rwc9o80.jpg,motorcycle
dataset_motorcycles/output_image37.png,https://spb.x-m.su/upload/resize_cache/iblock/786/238_150_1fc38cb385555de6e1e8d9495b004972a/8cuhs98t3kuwkujb80vg49cnnmiu8b0b.jpg,motorcycle
dataset_motorcycles/output_image38.png,https://spb.x-m.su/upload/resize_cache/iblock/6d8/238_150_1fc38cb385555de6e1e8d9495b004972a/6406ku8mcpxoiqrc8tqy61gbr7teeyp1.jpg,motorcycle
dataset_motorcycles/output_image39.png,https://spb.x-m.su/upload/resize_cache/iblock/f2b/238_150_1fc38cb385555de6e1e8d9495b004972a/rw5avvbs6cf1wh97iyj4qwqycei1sx1q.jpg,motorcycle
dataset_motorcycles/output_image40.png,https://spb.x-m.su/upload/resize_cache/iblock/996/238_150_1fc38cb385555de6e1e8d9495b004972a/n41p7x0ykwwopwlv6e1knm2r5rf910j5.JPG,motorcycle
dataset_motorcycles/output_image41.png,https://spb.x-m.su/upload/resize_cache/iblock/395/238_150_1fc38cb385555de6e1e8d9495b004972a/4jretj4vzc7oebx3nluyug8mmnbclcfi.jpeg,motorcycle
dataset_motorcycles/output_image42.png,https://spb.x-m.su/upload/resize_cache/iblock/b66/238_150_1fc38cb385555de6e1e8d9495b004972a/gy9x5v39f2bujp582iyv41soxgs2uyg5.jpeg,motorcycle
dataset_motorcycles/output_image43.png,https://spb.x-m.su/upload/resize_cache/iblock/d6e/238_150_1fc38cb385555de6e1e8d9495b004972a/voi78riu47ks9l2wieyw3rnobjhbk235.jpg,motorcycle
dataset_motorcycles/output_image44.png,https://spb.x-m.su/upload/resize_cache/iblock/079/238_150_1fc38cb385555de6e1e8d9495b004972a/zvx3elq5si7qb9p092rlow4gy8b4svvl.webp,motorcycle
dataset_motorcycles/output_image45.png,https://spb.x-m.su/upload/resize_cache/iblock/dc4/238_150_1fc38cb385555de6e1e8d9495b004972a/lw2bjoxx8xl7hz91on3kmjsm31z0m7o9.webp,motorcycle
dataset_motorcycles/output_image46.png,https://spb.x-m.su/upload/resize_cache/iblock/7be/238_150_1fc38cb385555de6e1e8d9495b004972a/x4y1spslktfz3i5dvgd7sjscuw8ctame.jpg,motorcycle
dataset_motorcycles/output_image47.png,https://spb.x-m.su/upload/resize_cache/iblock/86c/238_150_1fc38cb385555de6e1e8d9495b004972a/y7boreky3fhbjbcwzgamh9ndjvdybkrx.jpeg,motorcycle
dataset_motorcycles/output_image48.png,https://spb.x-m.su/upload/resize_cache/iblock/8ab/238_150_1fc38cb385555de6e1e8d9495b004972a/fdqa9umho7wsyjc37eo3qyfdnizhvoct.jpeg,motorcycle
dataset_motorcycles/output_image49.png,https://spb.x-m.su/upload/resize_cache/iblock/561/238_150_1fc38cb385555de6e1e8d9495b004972a/9fava8wtwr473zlwpwem28u5h6h1u8nh.jpg,motorcycle
dataset_motorcycles/output_image50.png,https://spb.x-m.su/upload/resize_cache/iblock/6b9/238_150_1fc38cb385555de6e1e8d9495b004972a/7ttuyrb3zkacwx9d8x5f1vlhkg8dj6dn.jpg,motorcycle
dataset_motorcycles/output_image51.png,https://spb.x-m.su/upload/resize_cache/iblock/661/238_150_1fc38cb385555de6e1e8d9495b004972a/dgncll267pitsld9al6o830gaiblo65k.jpg,motorcycle
dataset_motorcycles/output_image52.png,https://spb.x-m.su/upload/resize_cache/iblock/7ba/238_150_1fc38cb385555de6e1e8d9495b004972a/ynvmsknihzd27h4lipet0lj780eyrypx.webp,motorcycle
dataset_motorcycles/output_image53.png,https://spb.x-m.su/upload/resize_cache/iblock/a51/238_150_1fc38cb385555de6e1e8d9495b004972a/6lmge0v8pex02sy85acbhlj4zjohc2mq.webp,motorcycle
dataset_motorcycles/output_image54.png,https://spb.x-m.su/upload/resize_cache/iblock/adc/238_150_1fc38cb385555de6e1e8d9495b004972a/eg50taxicu35d66h5abeahv90fwfidl3.webp,motorcycle
dataset_motorcycles/output_image55.png,https://spb.x-m.su/upload/resize_cache/iblock/871/238_150_1fc38cb385555de6e1e8d9495b004972a/7c5bk59772b3yl75fqa29abkkyzb23dm.jpeg,motorcycle
dataset_motorcycles/output_image56.png,https://spb.x-m.su/upload/resize_cache/iblock/6e7/238_150_1fc38cb385555de6e1e8d9495b004972a/mcf3db4q2e7y6s0y69233628omprznu0.jpg,motorcycle
dataset_motorcycles/output_image57.png,https://spb.x-m.su/upload/resize_cache/iblock/f58/238_150_1fc38cb385555de6e1e8d9495b004972a/4284bttc8z9n1pl28vwgz2p2l60j94ak.jpg,motorcycle
dataset_motorcycles/output_image58.png,https://spb.x-m.su/upload/resize_cache/iblock/63b/238_150_1fc38cb385555de6e1e8d9495b004972a/7h1wgd7z8lo1ghruf1l6xtwxwcvb7x8r.jpg,motorcycle
dataset_motorcycles/output_image59.png,https://spb.x-m.su/upload/resize_cache/iblock/553/238_150_1fc38cb385555de6e1e8d9495b004972a/0dg0szb92adsw9rcbrho618m2co7uku4.webp,motorcycle
dataset_motorcycles/output_image60.png,https://spb.x-m.su/upload/resize_cache/iblock/077/238_150_1fc38cb385555de6e1e8d9495b004972a/m1ukn0xtbni8jh6pkdsv751xq750v0d6.jpg,motorcycle
dataset_motorcycles/output_image61.png,https://spb.x-m.su/upload/resize_cache/iblock/386/238_150_1fc38cb385555de6e1e8d9495b004972a/c1ri31n34nk59ndzcem6nz75azr18laq.jpg,motorcycle
dataset_motorcycles/output_image62.png,https://spb.x-m.su/upload/resize_cache/iblock/d03/238_150_1fc38cb385555de6e1e8d9495b004972a/gm06kzjdw3jxrim35hat57vgerbyf4i2.png,motorcycle
dataset_motorcycles/output_image63.png,https://spb.x-m.su/upload/resize_cache/iblock/edb/238_150_1fc38cb385555de6e1e8d9495b004972a/zmgmi7ze2c2gu7kz3fr13ve9wuicxz2z.webp,motorcycle
dataset_motorcycles/output_image64.png,https://spb.x-m.su/upload/resize_cache/iblock/b11/238_150_1fc38cb385555de6e1e8d9495b004972a/kgf9wwwjjby03uyixiv328ltei9gwxrx.jpeg,motorcycle
dataset_motorcycles/output_image65.png,https://spb.x-m.su/upload/resize_cache/iblock/660/238_150_1fc38cb385555de6e1e8d9495b004972a/iihfat1ms2dcc0vtcwnn1014124rt1b2.jpg,motorcycle
dataset_motorcycles/output_image66.png,https://spb.x-m.su/upload/resize_cache/iblock/a5b/238_150_1fc38cb385555de6e1e8d9495b004972a/dpiozxj7t4ck5xj2lscgca7h537fk17e.jpg,motorcycle
dataset_motorcycles/output_image67.png,https://spb.x-m.su/upload/resize_cache/iblock/dec/238_150_1fc38cb385555de6e1e8d9495b004972a/ilvh6w2sq1gh4k82sbcwx61e0pkqtvf8.jpg,motorcycle
dataset_motorcycles/output_image68.png,https://spb.x-m.su/upload/resize_cache/iblock/413/238_150_1fc38cb385555de6e1e8d9495b004972a/ola8dclhk11pvbxt6fi35b8jitvyiczk.jpg,motorcycle
dataset_motorcycles/output_image69.png,https://spb.x-m.su/upload/resize_cache/iblock/84e/238_150_1fc38cb385555de6e1e8d9495b004972a/tx8ne6df03ytr4to8ghgcagv0cl94yuv.jpeg,motorcycle
dataset_motorcycles/output_image70.png,https://spb.x-m.su/upload/resize_cache/iblock/484/238_150_1fc38cb385555de6e1e8d9495b004972a/u02i8kc1bdriulif6989d9art3lsqeuo.jpeg,motorcycle
dataset_motorcycles/output_image71.png,https://spb.x-m.su/upload/resize_cache/iblock/572/238_150_1fc38cb385555de6e1e8d9495b004972a/wcc0uurrq0ufmnoi8d13y4wbmbjx78eo.jpg,motorcycle
dataset_motorcycles/output_image72.png,https://spb.x-m.su/upload/resize_cache/iblock/18d/238_150_1fc38cb385555de6e1e8d9495b004972a/rh09i6ij93axc2pehvg0d5tcefifinw3.jpg,motorcycle
dataset_motorcycles/output_image73.png,https://spb.x-m.su/upload/resize_cache/iblock/3a3/238_150_1fc38cb385555de6e1e8d9495b004972a/ai0199rbqvrg3315tth5pbxhlgte38g8.jpg,motorcycle
dataset_motorcycles/output_image74.png,https://spb.x-m.su/upload/resize_cache/iblock/c1d/238_150_1fc38cb385555de6e1e8d9495b004972a/5f1kconn6biwwyyi3mhor0dyif8w75dt.jpg,motorcycle
dataset_motorcycles/output_image75.png,https://spb.x-m.su/upload/resize_cache/iblock/432/238_150_1fc38cb385555de6e1e8d9495b004972a/m24lgrzglc0ls6oamv8l2tp6lfzj93b8.jpg,motorcycle
dataset_motorcycles/output_image76.png,https://spb.x-m.su/upload/resize_cache/iblock/9c5/238_150_1fc38cb385555de6e1e8d9495b004972a/ijazuoba7vb0vu1bkq072ef0e59txvta.jpg,motorcycle
dataset_motorcycles/output_image77.png,https://spb.x-m.su/upload/resize_cache/iblock/7fa/238_150_1fc38cb385555de6e1e8d9495b004972a/qf6hd4kpo0byro3w79z5t6jebpp6vdag.webp,motorcycle
dataset_motorcycles/output_image78.png,https://spb.x-m.su/upload/resize_cache/iblock/f2e/238_150_1fc38cb385555de6e1e8d9495b004972a/no0ihoe63wzdm5aoni0pw2b3fahobvg0.webp,motorcycle
dataset_motorcycles/output_image79.png,https://spb.x-m.su/upload/resize_cache/iblock/c03/238_150_1fc38cb385555de6e1e8d9495b004972a/a3i72wkqkg0fxfvd93d0v917kt94ps0w.jpg,motorcycle
dataset_motorcycles/output_image80.png,https://spb.x-m.su/upload/resize_cache/iblock/c1b/238_150_1fc38cb385555de6e1e8d9495b004972a/xqc9z07e7ag1y93x4b6adgctcdpymvtq.png,motorcycle
dataset_motorcycles/output_image81.png,https://spb.x-m.su/upload/resize_cache/iblock/de4/238_150_1fc38cb385555de6e1e8d9495b004972a/m7v0o33qhh0o2mvueloblr7rg9o9pa80.jpg,motorcycle
dataset_motorcycles/output_image82.png,https://spb.x-m.su/upload/resize_cache/iblock/e98/238_150_1fc38cb385555de6e1e8d9495b004972a/ko83j2c2c87tfpek8fhy6a9fct2jj5z1.png,motorcycle
dataset_motorcycles/output_image83.png,https://spb.x-m.su/upload/resize_cache/iblock/49a/238_150_1fc38cb385555de6e1e8d9495b004972a/vr0orkkjydzuie6uijzt3cq1xrjnflfx.webp,motorcycle
dataset_motorcycles/output_image84.png,https://spb.x-m.su/upload/resize_cache/iblock/858/238_150_1fc38cb385555de6e1e8d9495b004972a/8zunsfhjnexvpfz0fkiequnfaai15z4x.png,motorcycle
dataset_motorcycles/output_image85.png,https://spb.x-m.su/upload/resize_cache/iblock/004/238_150_1fc38cb385555de6e1e8d9495b004972a/tep8e35iy1uh2wox12kar38ujq66o9p7.jpg,motorcycle
dataset_motorcycles/output_image86.png,https://spb.x-m.su/upload/resize_cache/iblock/360/238_150_1fc38cb385555de6e1e8d9495b004972a/mggq3tkw5d3n18kigfga8xhm0fpdye0q.png,motorcycle
dataset_motorcycles/output_image87.png,https://spb.x-m.su/upload/resize_cache/iblock/69c/238_150_1fc38cb385555de6e1e8d9495b004972a/veuoezvw44e0657ifpo5kryhju7nsnto.JPG,motorcycle
dataset_motorcycles/output_image88.png,https://spb.x-m.su/upload/resize_cache/iblock/0c3/238_150_1fc38cb385555de6e1e8d9495b004972a/fpl40lvmht2m9fsjnh76mseatda1nryc.png,motorcycle
dataset_motorcycles/output_image89.png,https://spb.x-m.su/upload/resize_cache/iblock/426/238_150_1fc38cb385555de6e1e8d9495b004972a/rkqdap8rgfkihal3o6plrz76301tu4wm.jpg,motorcycle
dataset_motorcycles/output_image90.png,https://spb.x-m.su/upload/resize_cache/iblock/54f/238_150_1fc38cb385555de6e1e8d9495b004972a/bnm6h9dea81co8956hjlp6slq438pteo.jpg,motorcycle
dataset_motorcycles/output_image91.png,https://spb.x-m.su/upload/resize_cache/iblock/7e9/238_150_1fc38cb385555de6e1e8d9495b004972a/v5kkxx6cng1og60njdsmzz4n7zdr5h3g.jpg,motorcycle
dataset_motorcycles/output_image92.png,https://spb.x-m.su/upload/resize_cache/iblock/220/238_150_1fc38cb385555de6e1e8d9495b004972a/j141pkxwplw9y73z6kmj17v2az4em8e2.JPG,motorcycle
dataset_motorcycles/output_image93.png,https://spb.x-m.su/upload/resize_cache/iblock/577/238_150_1fc38cb385555de6e1e8d9495b004972a/l82ggw6rs472iby7ms8vryag0hdf4cf3.jpg,motorcycle
dataset_motorcycles/output_image94.png,https://spb.x-m.su/upload/resize_cache/iblock/c35/238_150_1fc38cb385555de6e1e8d9495b004972a/60mftt07h6oyq18ss28pmmj7r6vmdyig.jpeg,motorcycle
dataset_motorcycles/output_image95.png,https://spb.x-m.su/upload/resize_cache/iblock/fef/238_150_1fc38cb385555de6e1e8d9495b004972a/cbu2qwh794ieln76b4xrifiqabpm6cdj.jpeg,motorcycle
dataset_motorcycles/output_image96.png,https://spb.x-m.su/upload/resize_cache/iblock/314/238_150_1fc38cb385555de6e1e8d9495b004972a/b1jwpyb3jrvxozfnqcwqfv5kvrotzzb0.jpg,motorcycle
dataset_motorcycles/output_image97.png,https://spb.x-m.su/upload/resize_cache/iblock/470/238_150_1fc38cb385555de6e1e8d9495b004972a/f1g8op15e548jw0ilwus28dmkfsdo4s7.webp,motorcycle
dataset_motorcycles/output_image98.png,https://spb.x-m.su/upload/resize_cache/iblock/9f8/238_150_1fc38cb385555de6e1e8d9495b004972a/hul3wp3f863odmy1nk9fe0egad2uootm.jpg,motorcycle
dataset_motorcycles/output_image99.png,https://spb.x-m.su/upload/resize_cache/iblock/348/238_150_1fc38cb385555de6e1e8d9495b004972a/5v49d9tl73z8ynnajj6h38xz7jr4mj5b.png,motorcycle
dataset_motorcycles/output_image100.png,https://spb.x-m.su/upload/resize_cache/iblock/99e/238_150_1fc38cb385555de6e1e8d9495b004972a/toe64l9fmuss237pwaj7uq7nbd81vc23.jpeg,motorcycle
dataset_motorcycles/output_image101.png,https://spb.x-m.su/upload/resize_cache/iblock/869/238_150_1fc38cb385555de6e1e8d9495b004972a/8obb1235f6mho7jr7bion0ggv046h1ld.png,motorcycle
dataset_motorcycles/output_image102.png,https://spb.x-m.su/upload/resize_cache/iblock/333/238_150_1fc38cb385555de6e1e8d9495b004972a/1i1lm4etfj6f5fmn687swlryc10v2e6o.jpg,motorcycle
dataset_motorcycles/output_image103.png,https://spb.x-m.su/upload/resize_cache/iblock/423/238_150_1fc38cb385555de6e1e8d9495b004972a/smovj6csa8yb0h887fh3erffkd789f04.jpg,motorcycle
dataset_motorcycles/output_image104.png,https://spb.x-m.su/upload/resize_cache/iblock/78f/238_150_1fc38cb385555de6e1e8d9495b004972a/ad7mke2mohq1bph5630p9evw67nk4z2s.jpg,motorcycle
dataset_motorcycles/output_image105.png,https://spb.x-m.su/upload/resize_cache/iblock/101/238_150_1fc38cb385555de6e1e8d9495b004972a/7o3imn5vqezcz8hseti64ugk8n184ykv.jpeg,motorcycle
dataset_motorcycles/output_image106.png,https://spb.x-m.su/upload/resize_cache/iblock/062/238_150_1fc38cb385555de6e1e8d9495b004972a/d2130flmep8ot9u32bcmb1qikcft1p88.png,motorcycle
dataset_motorcycles/output_image107.png,https://spb.x-m.su/upload/resize_cache/iblock/512/238_150_1fc38cb385555de6e1e8d9495b004972a/24oxm85vell3mss7y3gcghbksp6t8shw.png,motorcycle
dataset_motorcycles/output_image108.png,https://spb.x-m.su/upload/resize_cache/iblock/102/238_150_1fc38cb385555de6e1e8d9495b004972a/5arzoi8ipsjfnul6i9k8ffcatywhittu.jpg,motorcycle
dataset_motorcycles/output_image109.png,https://spb.x-m.su/upload/resize_cache/iblock/071/238_150_1fc38cb385555de6e1e8d9495b004972a/i42pch9gib9f2yca4bh0px2p0r38ftvn.jpg,motorcycle
dataset_motorcycles/output_image110.png,https://spb.x-m.su/upload/resize_cache/iblock/504/238_150_1fc38cb385555de6e1e8d9495b004972a/dxhhxk86lbjq9zibfxqi5lmme2ot8xzb.JPG,motorcycle
dataset_motorcycles/output_image111.png,https://spb.x-m.su/upload/resize_cache/iblock/c35/238_150_1fc38cb385555de6e1e8d9495b004972a/0wariberl1yc004zn94t5vcfurcdy92l.jpg,motorcycle
dataset_motorcycles/output_image112.png,https://spb.x-m.su/upload/resize_cache/iblock/cd2/238_150_1fc38cb385555de6e1e8d9495b004972a/lqf2ouncezf7bwqj13oxaf72mk1c2fsg.jpeg,motorcycle
dataset_motorcycles/output_image113.png,https://spb.x-m.su/upload/resize_cache/iblock/917/238_150_1fc38cb385555de6e1e8d9495b004972a/f3rtx7ra6sqot4qj0c0492cl102k865u.jpg,motorcycle
dataset_motorcycles/output_image114.png,https://spb.x-m.su/upload/resize_cache/iblock/b31/238_150_1fc38cb385555de6e1e8d9495b004972a/e97lkmdpc93mzk47s7bin2hvbl78farq.jpeg,motorcycle
dataset_motorcycles/output_image115.png,https://spb.x-m.su/upload/resize_cache/iblock/fa0/238_150_1fc38cb385555de6e1e8d9495b004972a/13kl1eyhitoylqqfznq19hwnikijbivo.png,motorcycle
dataset_motorcycles/output_image116.png,https://spb.x-m.su/upload/resize_cache/iblock/2b6/238_150_1fc38cb385555de6e1e8d9495b004972a/w0c065vhvxfhu96cymu85wmdchoc4n1u.webp,motorcycle
dataset_motorcycles/output_image117.png,https://spb.x-m.su/upload/resize_cache/iblock/463/238_150_1fc38cb385555de6e1e8d9495b004972a/bshle4so0csur2ph8el2y09zj6l7jicb.jpg,motorcycle
dataset_motorcycles/output_image118.png,https://spb.x-m.su/upload/resize_cache/iblock/14e/238_150_1fc38cb385555de6e1e8d9495b004972a/sopzu4x01biem5yg05jd981z2f19r7gc.jpg,motorcycle
dataset_motorcycles/output_image119.png,https://spb.x-m.su/upload/resize_cache/iblock/f60/238_150_1fc38cb385555de6e1e8d9495b004972a/wlt22mbafxip2lrdeer8s67q6z3br0qd.jpg,motorcycle
dataset_motorcycles/output_image120.png,https://spb.x-m.su/upload/resize_cache/iblock/2f7/238_150_1fc38cb385555de6e1e8d9495b004972a/fvdoa0c301xbggax9t4bunncsgj5pxbv.jpg,motorcycle
dataset_motorcycles/output_image121.png,https://spb.x-m.su/upload/resize_cache/iblock/3d4/238_150_1fc38cb385555de6e1e8d9495b004972a/r1okropapz76mgdadje4gf0o1n2mkwbz.jpg,motorcycle
dataset_motorcycles/output_image122.png,https://spb.x-m.su/upload/resize_cache/iblock/f1a/238_150_1fc38cb385555de6e1e8d9495b004972a/gsol15d4s8rk3htllpg17pk0odw4bskq.jpg,motorcycle
dataset_motorcycles/output_image123.png,https://spb.x-m.su/upload/resize_cache/iblock/3ef/238_150_1fc38cb385555de6e1e8d9495b004972a/b2vj1qmkypepjne5ka0hmou4zs580z5i.png,motorcycle
dataset_motorcycles/output_image124.png,https://spb.x-m.su/upload/resize_cache/iblock/c78/238_150_1fc38cb385555de6e1e8d9495b004972a/rrck8bekph2xmj2omgcwnsxewqfz1j9h.png,motorcycle
dataset_motorcycles/output_image125.png,https://spb.x-m.su/upload/resize_cache/iblock/890/238_150_1fc38cb385555de6e1e8d9495b004972a/e3lp2pcryno3bctb3szp9xu8cf4xqkyv.png,motorcycle
dataset_motorcycles/output_image126.png,https://spb.x-m.su/upload/resize_cache/iblock/330/238_150_1fc38cb385555de6e1e8d9495b004972a/fwors6cdse6x7crpuccznio5oga7b4y6.jpeg,motorcycle
dataset_motorcycles/output_image127.png,https://spb.x-m.su/upload/resize_cache/iblock/438/238_150_1fc38cb385555de6e1e8d9495b004972a/j40ia58zm4i17n522ys5axv0wsds0z8o.webp,motorcycle
dataset_motorcycles/output_image128.png,https://spb.x-m.su/upload/resize_cache/iblock/4c2/238_150_1fc38cb385555de6e1e8d9495b004972a/3bthmlwlw6e8dgxg9d5trezn3ym2yo33.jpg,motorcycle
dataset_motorcycles/output_image129.png,https://spb.x-m.su/upload/resize_cache/iblock/fb7/238_150_1fc38cb385555de6e1e8d9495b004972a/y9y5lwo4n308hdqu2t8l81pwufr8rwb1.webp,motorcycle
dataset_motorcycles/output_image130.png,https://spb.x-m.su/upload/resize_cache/iblock/c56/238_150_1fc38cb385555de6e1e8d9495b004972a/cj0ac5qa66d82r0y393eoh4pzo1ilqid.jpeg,motorcycle
dataset_motorcycles/output_image131.png,https://spb.x-m.su/upload/resize_cache/iblock/1ee/238_150_1fc38cb385555de6e1e8d9495b004972a/v7fd8kbyegdlvgv6uttjb847ict64a6k.jpeg,motorcycle
dataset_motorcycles/output_image132.png,https://spb.x-m.su/upload/resize_cache/iblock/702/238_150_1fc38cb385555de6e1e8d9495b004972a/0jq0sf1a2xfjychdow4fq8absbd8jdfk.jpg,motorcycle
dataset_motorcycles/output_image133.png,https://spb.x-m.su/upload/resize_cache/iblock/a2a/238_150_1fc38cb385555de6e1e8d9495b004972a/8aiggwecs08cca2ok2wbvgfrsf961d08.jpg,motorcycle
dataset_motorcycles/output_image134.png,https://spb.x-m.su/upload/resize_cache/iblock/d67/238_150_1fc38cb385555de6e1e8d9495b004972a/wnecom6i46mj3mdxdb9df7jx3h2vt8eq.png,motorcycle
dataset_motorcycles/output_image135.png,https://spb.x-m.su/upload/resize_cache/iblock/9c8/238_150_1fc38cb385555de6e1e8d9495b004972a/5ckdvmbwl6tm3e5ri3pjcewif73qs0z4.jpg,motorcycle
dataset_motorcycles/output_image136.png,https://spb.x-m.su/upload/resize_cache/iblock/01f/238_150_1fc38cb385555de6e1e8d9495b004972a/s607zeqyam5e3qfqefsrcyi8wxbtvlgb.jpg,motorcycle
dataset_motorcycles/output_image137.png,https://spb.x-m.su/upload/resize_cache/iblock/fd5/238_150_1fc38cb385555de6e1e8d9495b004972a/28i4i7hwx0o9001yb71aal6q9io299zs.jpg,motorcycle
dataset_motorcycles/output_image138.png,https://spb.x-m.su/upload/resize_cache/iblock/61f/238_150_1fc38cb385555de6e1e8d9495b004972a/shgr7pga7di908avp8zav68me765m46u.webp,motorcycle
dataset_motorcycles/output_image139.png,https://spb.x-m.su/upload/resize_cache/iblock/74c/238_150_1fc38cb385555de6e1e8d9495b004972a/edg9kmzufku1aq7cjwim7ru46ucx19wi.png,motorcycle
dataset_motorcycles/output_image140.png,https://spb.x-m.su/upload/resize_cache/iblock/5a8/238_150_1fc38cb385555de6e1e8d9495b004972a/7hedyucg5lp2h2ci1spod9jwib20phjm.webp,motorcycle
dataset_motorcycles/output_image141.png,https://spb.x-m.su/upload/resize_cache/iblock/c97/238_150_1fc38cb385555de6e1e8d9495b004972a/zi59ml5f433l719scy2cenc9entvrle2.png,motorcycle
dataset_motorcycles/output_image142.png,https://spb.x-m.su/upload/resize_cache/iblock/816/238_150_1fc38cb385555de6e1e8d9495b004972a/h403gujlbojdfdkpli5gz3ofkhxdlcl7.png,motorcycle
dataset_motorcycles/output_image143.png,https://spb.x-m.su/upload/resize_cache/iblock/c35/238_150_1fc38cb385555de6e1e8d9495b004972a/7r9cb3umd5pwnq35bot0st1xkgy3b5sw.JPG,motorcycle
dataset_motorcycles/output_image144.png,https://spb.x-m.su/upload/resize_cache/iblock/bb1/238_150_1fc38cb385555de6e1e8d9495b004972a/9kfvy5fwgi558vwbwl9g5w8y3m8v3p2q.png,motorcycle
dataset_motorcycles/output_image145.png,https://spb.x-m.su/upload/resize_cache/iblock/610/238_150_1fc38cb385555de6e1e8d9495b004972a/22jz6txsz1f8jmi6i7rmdktdgcw2otci.png,motorcycle
dataset_motorcycles/output_image146.png,https://spb.x-m.su/upload/resize_cache/iblock/d7c/238_150_1fc38cb385555de6e1e8d9495b004972a/jj8bsxgcrtr9xvvr4m498ho8iz8pz240.jpg,motorcycle
dataset_motorcycles/output_image147.png,https://spb.x-m.su/upload/resize_cache/iblock/78d/238_150_1fc38cb385555de6e1e8d9495b004972a/g95e1wxnulwkk9shny5r2692ijsna67c.JPG,motorcycle
dataset_motorcycles/output_image148.png,https://spb.x-m.su/upload/resize_cache/iblock/5b6/238_150_1fc38cb385555de6e1e8d9495b004972a/lib7l1j6bhfy28ehlxir1uu46ejb3q1g.png,motorcycle
dataset_motorcycles/output_image149.png,https://spb.x-m.su/upload/resize_cache/iblock/215/238_150_1fc38cb385555de6e1e8d9495b004972a/an3unwh2l5js33k0owrb0bhvumna397t.jpeg,motorcycle
dataset_motorcycles/output_image150.png,https://spb.x-m.su/upload/resize_cache/iblock/25a/238_150_1fc38cb385555de6e1e8d9495b004972a/xb4ezy48p6oen4x0ybjqocl0uqvcom2c.jpg,motorcycle
dataset_motorcycles/output_image151.png,https://spb.x-m.su/upload/resize_cache/iblock/8b9/238_150_1fc38cb385555de6e1e8d9495b004972a/fmu1l101qqkm9lu02c5asoogyiv7i36p.jpg,motorcycle
dataset_motorcycles/output_image152.png,https://spb.x-m.su/upload/resize_cache/iblock/fe3/238_150_1fc38cb385555de6e1e8d9495b004972a/dz1me8laync0pxrfiu3ot4cy8tfjva62.png,motorcycle
dataset_motorcycles/output_image153.png,https://spb.x-m.su/upload/resize_cache/iblock/32c/238_150_1fc38cb385555de6e1e8d9495b004972a/2nbzja1disqj72ok4zts8uz588bhxegl.png,motorcycle
dataset_motorcycles/output_image154.png,https://spb.x-m.su/upload/resize_cache/iblock/620/238_150_1fc38cb385555de6e1e8d9495b004972a/0wiwmn3vk0p36k4uqzvdf73mexz9pyp8.png,motorcycle
dataset_motorcycles/output_image155.png,https://spb.x-m.su/upload/resize_cache/iblock/5ec/238_150_1fc38cb385555de6e1e8d9495b004972a/84undh6k1d9wkycpbzc5zf2avpres0bu.jpeg,motorcycle
dataset_motorcycles/output_image156.png,https://spb.x-m.su/upload/resize_cache/iblock/91b/238_150_1fc38cb385555de6e1e8d9495b004972a/2hppbd3bcnu8buogti1xusms41z76z0m.png,motorcycle
dataset_motorcycles/output_image157.png,https://spb.x-m.su/upload/resize_cache/iblock/e0d/238_150_1fc38cb385555de6e1e8d9495b004972a/youh4fhu7n8tj0evtbryd8t92u4u1rds.png,motorcycle
dataset_motorcycles/output_image158.png,https://spb.x-m.su/upload/resize_cache/iblock/915/238_150_1fc38cb385555de6e1e8d9495b004972a/fmao7mbpsktm57fasscv7jx1h3lg7t6y.jpeg,motorcycle
dataset_motorcycles/output_image159.png,https://spb.x-m.su/upload/resize_cache/iblock/489/238_150_1fc38cb385555de6e1e8d9495b004972a/au8phpa9xuuf293wlgb9ro2qwlimv7n7.webp,motorcycle
dataset_motorcycles/output_image160.png,https://spb.x-m.su/upload/resize_cache/iblock/bef/238_150_1fc38cb385555de6e1e8d9495b004972a/k7ftbhvyr5op3e19mm9z7mqu36qyyruf.jpeg,motorcycle
dataset_motorcycles/output_image161.png,https://spb.x-m.su/upload/resize_cache/iblock/de4/238_150_1fc38cb385555de6e1e8d9495b004972a/8pxylrmrwiehf0a7rzgip62pfwf0c2t3.webp,motorcycle
dataset_motorcycles/output_image162.png,https://spb.x-m.su/upload/resize_cache/iblock/75b/238_150_1fc38cb385555de6e1e8d9495b004972a/xolk5fp7qfq6k9rtxluv2sbirp2ljhzd.jpg,motorcycle
dataset_motorcycles/output_image163.png,https://spb.x-m.su/upload/resize_cache/iblock/d2f/238_150_1fc38cb385555de6e1e8d9495b004972a/xacyendr109uknje9beugiee1spt0xho.jpeg,motorcycle
dataset_motorcycles/output_image164.png,https://spb.x-m.su/bitrix/templates/xmotors_2024.01.19/components/bitrix/catalog.section/products-tile/images/no_photo.png,motorcycle
dataset_motorcycles/output_image165.png,https://spb.x-m.su/upload/resize_cache/iblock/959/238_150_1fc38cb385555de6e1e8d9495b004972a/8cw9iues4gkrv23vopls1r5zbrny43qa.jpeg,motorcycle
dataset_motorcycles/output_image166.png,https://spb.x-m.su/upload/resize_cache/iblock/cab/238_150_1fc38cb385555de6e1e8d9495b004972a/su9o831iorzentlo7l6af1xcf174mmzl.jpg,motorcycle
dataset_motorcycles/output_image167.png,https://spb.x-m.su/upload/resize_cache/iblock/78c/238_150_1fc38cb385555de6e1e8d9495b004972a/52wzgg0tou0xnntz1glr2cvj9tqfs0ax.png,motorcycle
dataset_motorcycles/output_image168.png,https://spb.x-m.su/upload/resize_cache/iblock/6b4/238_150_1fc38cb385555de6e1e8d9495b004972a/a3rl7kyv4c6egqwu6qn1u7xu66fz1xz7.jpeg,motorcycle
dataset_motorcycles/output_image169.png,https://spb.x-m.su/upload/resize_cache/iblock/25e/238_150_1fc38cb385555de6e1e8d9495b004972a/j22gkrdvnmll7v9ujzioke204uuj6qre.png,motorcycle
dataset_motorcycles/output_image170.png,https://spb.x-m.su/upload/resize_cache/iblock/11e/238_150_1fc38cb385555de6e1e8d9495b004972a/xxzgohd381wm2re14ex63925eijedtte.webp,motorcycle
dataset_motorcycles/output_image171.png,https://spb.x-m.su/upload/resize_cache/iblock/5bf/238_150_1fc38cb385555de6e1e8d9495b004972a/l47s89gly0gcwxkuhr9xrfwaf431u5he.jpg,motorcycle
dataset_motorcycles/output_image172.png,https://spb.x-m.su/upload/resize_cache/iblock/6dc/238_150_1fc38cb385555de6e1e8d9495b004972a/17qet3vt2inxvete0g9g850fccjx9ffh.jpeg,motorcycle
dataset_motorcycles/output_image173.png,https://spb.x-m.su/upload/resize_cache/iblock/c83/238_150_1fc38cb385555de6e1e8d9495b004972a/tpf7dui2hyjm4wbqisq8k7kthey701in.JPG,motorcycle
dataset_motorcycles/output_image174.png,https://spb.x-m.su/upload/resize_cache/iblock/dfc/238_150_1fc38cb385555de6e1e8d9495b004972a/hqr2ox3z3s6i4coequpxoij1940xutkc.jpg,motorcycle
dataset_motorcycles/output_image175.png,https://spb.x-m.su/upload/resize_cache/iblock/a1b/238_150_1fc38cb385555de6e1e8d9495b004972a/xfldlet6qqr48r5nb0g1rmh6d16fzb03.png,motorcycle
dataset_motorcycles/output_image176.png,https://spb.x-m.su/upload/resize_cache/iblock/252/238_150_1fc38cb385555de6e1e8d9495b004972a/9mpv1ok6f6w9vjmi5vp8lb9b4ys77evz.png,motorcycle
dataset_motorcycles/output_image177.png,https://spb.x-m.su/upload/resize_cache/iblock/259/238_150_1fc38cb385555de6e1e8d9495b004972a/vk24wl54h0w52jqzqqe3rs4x00mqvork.webp,motorcycle
dataset_motorcycles/output_image178.png,https://spb.x-m.su/upload/resize_cache/iblock/fd7/238_150_1fc38cb385555de6e1e8d9495b004972a/3ki32g10givkydlr0puctzyeo5p1mly9.JPG,motorcycle
dataset_motorcycles/output_image179.png,https://spb.x-m.su/upload/resize_cache/iblock/df0/238_150_1fc38cb385555de6e1e8d9495b004972a/r296iesfhau08gsv4dbi5vg2adg8ikq8.jpg,motorcycle
dataset_motorcycles/output_image180.png,https://spb.x-m.su/upload/resize_cache/iblock/99f/238_150_1fc38cb385555de6e1e8d9495b004972a/2p6tztbzzhnj44cpvxq58k8qlxpucnf8.png,motorcycle
dataset_motorcycles/output_image181.png,https://spb.x-m.su/upload/resize_cache/iblock/f5f/238_150_1fc38cb385555de6e1e8d9495b004972a/difd1t0x2khw3zzaimfx3bpwv389hmzf.jpg,motorcycle
dataset_motorcycles/output_image182.png,https://spb.x-m.su/upload/resize_cache/iblock/d0e/238_150_1fc38cb385555de6e1e8d9495b004972a/46pmyflss0fpoq14pg98yd871l09k9d0.png,motorcycle
dataset_motorcycles/output_image183.png,https://spb.x-m.su/upload/resize_cache/iblock/ac7/238_150_1fc38cb385555de6e1e8d9495b004972a/x229hwl68nbnw2gmuc4zp2yoo22769wm.jpg,motorcycle
dataset_motorcycles/output_image184.png,https://spb.x-m.su/upload/resize_cache/iblock/461/238_150_1fc38cb385555de6e1e8d9495b004972a/33fbggf5e66f8s50aubegz4cvcmao1ni.jpg,motorcycle
dataset_motorcycles/output_image185.png,https://spb.x-m.su/upload/resize_cache/iblock/436/238_150_1fc38cb385555de6e1e8d9495b004972a/e7c386frfc9g1mf7zqz9ivczc660p5zz.png,motorcycle
dataset_motorcycles/output_image186.png,https://spb.x-m.su/upload/resize_cache/iblock/e0e/238_150_1fc38cb385555de6e1e8d9495b004972a/wycvhzp3k913p8nh1aipi5d5a25s36b1.jpeg,motorcycle
dataset_motorcycles/output_image187.png,https://spb.x-m.su/upload/resize_cache/iblock/817/238_150_1fc38cb385555de6e1e8d9495b004972a/qshhgoa1thgdrqn34hjnhjl79l3to0wo.webp,motorcycle
dataset_motorcycles/output_image188.png,https://spb.x-m.su/upload/resize_cache/iblock/7cc/238_150_1fc38cb385555de6e1e8d9495b004972a/1hhtotcga99h1dk35gzgfwomcl7ypw0x.jpg,motorcycle
dataset_motorcycles/output_image189.png,https://spb.x-m.su/upload/resize_cache/iblock/e21/238_150_1fc38cb385555de6e1e8d9495b004972a/tdhqqd1ewzsydgjed4z6gtw2crz53i53.jpg,motorcycle
dataset_motorcycles/output_image190.png,https://spb.x-m.su/upload/resize_cache/iblock/5bd/238_150_1fc38cb385555de6e1e8d9495b004972a/of28dvd2va2t4lqdl3eo6o3y9kxnfa3q.jpg,motorcycle
dataset_motorcycles/output_image191.png,https://spb.x-m.su/upload/resize_cache/iblock/23e/238_150_1fc38cb385555de6e1e8d9495b004972a/ofcp2q84pc85e16wjdwqw4fih1l8qwbx.png,motorcycle
dataset_motorcycles/output_image192.png,https://spb.x-m.su/upload/resize_cache/iblock/a18/238_150_1fc38cb385555de6e1e8d9495b004972a/gklutnrdur291tedh28i00gnq0lo4vml.jpg,motorcycle
dataset_motorcycles/output_image193.png,https://spb.x-m.su/upload/resize_cache/iblock/099/238_150_1fc38cb385555de6e1e8d9495b004972a/q94xzzmijbrbe1uxt03c1hktu70a7der.webp,motorcycle
dataset_motorcycles/output_image194.png,https://spb.x-m.su/upload/resize_cache/iblock/9ac/238_150_1fc38cb385555de6e1e8d9495b004972a/4nx7anlx1btz79jdj6twoqln3kqkx9m0.jpg,motorcycle
dataset_motorcycles/output_image195.png,https://spb.x-m.su/upload/resize_cache/iblock/52c/238_150_1fc38cb385555de6e1e8d9495b004972a/j7gu2lp7ml6uc4y4o6f1gyi2mtef45ei.png,motorcycle
dataset_motorcycles/output_image196.png,https://spb.x-m.su/upload/resize_cache/iblock/e24/238_150_1fc38cb385555de6e1e8d9495b004972a/o120qowy38j88z0810lqbcba30c2gscw.png,motorcycle
dataset_motorcycles/output_image197.png,https://spb.x-m.su/upload/resize_cache/iblock/131/238_150_1fc38cb385555de6e1e8d9495b004972a/xvir32tidrgjsxigxv0sq42q2bdx0tzc.jpg,motorcycle
dataset_motorcycles/output_image198.png,https://spb.x-m.su/upload/resize_cache/iblock/ca2/238_150_1fc38cb385555de6e1e8d9495b004972a/k0xekyme8iqapq94yj74ymjskpbbhpd0.png,motorcycle
dataset_motorcycles/output_image199.png,https://spb.x-m.su/upload/resize_cache/iblock/ef4/238_150_1fc38cb385555de6e1e8d9495b004972a/twwoja0rw4llkqzg0ag7u6orftwyssp7.jpeg,motorcycle
dataset_motorcycles/output_image200.png,https://spb.x-m.su/upload/resize_cache/iblock/42f/238_150_1fc38cb385555de6e1e8d9495b004972a/b51cps4ofvuzq9fy1ajcgq5o25dqi3m1.png,motorcycle
dataset_motorcycles/output_image201.png,https://spb.x-m.su/upload/resize_cache/iblock/8ef/238_150_1fc38cb385555de6e1e8d9495b004972a/bgf23y0cb841t601am9y15httyz62l7p.jpg,motorcycle
dataset_motorcycles/output_image202.png,https://spb.x-m.su/upload/resize_cache/iblock/2b7/238_150_1fc38cb385555de6e1e8d9495b004972a/mnp75dcsx7cvcqjaw84nzojbtnwrj3zw.png,motorcycle
dataset_motorcycles/output_image203.png,https://spb.x-m.su/upload/resize_cache/iblock/7eb/238_150_1fc38cb385555de6e1e8d9495b004972a/q8npla3whm1lmtzehivgm3t4habygqur.jpg,motorcycle
dataset_motorcycles/output_image204.png,https://spb.x-m.su/upload/resize_cache/iblock/67f/238_150_1fc38cb385555de6e1e8d9495b004972a/yi2kdt52rcmtakrnlndq7n07r6drc9yz.jpg,motorcycle
dataset_motorcycles/output_image205.png,https://spb.x-m.su/upload/resize_cache/iblock/eee/238_150_1fc38cb385555de6e1e8d9495b004972a/poeszuyn94p9g6pkkft5nulfhw54lodx.webp,motorcycle
dataset_motorcycles/output_image206.png,https://spb.x-m.su/upload/resize_cache/iblock/a47/238_150_1fc38cb385555de6e1e8d9495b004972a/a5cxtnjai1xs51uuxrlp0r7j7sv0ak5h.png,motorcycle
dataset_motorcycles/output_image207.png,https://spb.x-m.su/upload/resize_cache/iblock/ab7/238_150_1fc38cb385555de6e1e8d9495b004972a/z5odimt3sfteqp4u35jvv4a812aj42m0.jpeg,motorcycle
dataset_motorcycles/output_image208.png,https://spb.x-m.su/upload/resize_cache/iblock/358/238_150_1fc38cb385555de6e1e8d9495b004972a/g4z74mre4ypxwkirwojca35rg7cxmffy.jpg,motorcycle
dataset_motorcycles/output_image209.png,https://spb.x-m.su/upload/resize_cache/iblock/a35/238_150_1fc38cb385555de6e1e8d9495b004972a/pp28j76pik5y0unbrp4vj38gln25zdqb.png,motorcycle
dataset_motorcycles/output_image210.png,https://spb.x-m.su/upload/resize_cache/iblock/ea0/238_150_1fc38cb385555de6e1e8d9495b004972a/7zqbtkg0vu1e5edm4shcqq0rdrflkmxl.jpg,motorcycle
dataset_motorcycles/output_image211.png,https://spb.x-m.su/upload/resize_cache/iblock/63e/238_150_1fc38cb385555de6e1e8d9495b004972a/6cghd43941zx0qi7skm3hjll3rz9av8p.jpeg,motorcycle
dataset_motorcycles/output_image212.png,https://spb.x-m.su/upload/resize_cache/iblock/4ad/238_150_1fc38cb385555de6e1e8d9495b004972a/i1dc6tjzr6hydz3rztaf536xmmw5ugbv.png,motorcycle
dataset_motorcycles/output_image213.png,https://spb.x-m.su/upload/resize_cache/iblock/8b2/238_150_1fc38cb385555de6e1e8d9495b004972a/m4ww67mb3pjwxz2gemc8eh2ea6zdez79.jpg,motorcycle
dataset_motorcycles/output_image214.png,https://spb.x-m.su/upload/resize_cache/iblock/fc2/238_150_1fc38cb385555de6e1e8d9495b004972a/a483xzpupqc92d6fafurg59f2mcrrjux.jpeg,motorcycle
dataset_motorcycles/output_image215.png,https://spb.x-m.su/upload/resize_cache/iblock/df6/238_150_1fc38cb385555de6e1e8d9495b004972a/b75d9p4mvd3f74yzje9iys5wn1jk7go5.jpeg,motorcycle
dataset_motorcycles/output_image216.png,https://spb.x-m.su/upload/resize_cache/iblock/67a/238_150_1fc38cb385555de6e1e8d9495b004972a/e4p6ovl5t2z7uwosf6s9vvdqi4ylof67.jpg,motorcycle
dataset_motorcycles/output_image217.png,https://spb.x-m.su/upload/resize_cache/iblock/ed1/238_150_1fc38cb385555de6e1e8d9495b004972a/nkudefb7efmdwzncwfmhpb5nx0fecdq3.png,motorcycle
dataset_motorcycles/output_image218.png,https://spb.x-m.su/upload/resize_cache/iblock/a04/238_150_1fc38cb385555de6e1e8d9495b004972a/reyxuzn6zo833tk08wm3okg7de4h1uwy.webp,motorcycle
dataset_motorcycles/output_image219.png,https://spb.x-m.su/upload/resize_cache/iblock/2f3/238_150_1fc38cb385555de6e1e8d9495b004972a/mg60u6c7qavduga7pyqhk013y5m81384.webp,motorcycle
dataset_motorcycles/output_image220.png,https://spb.x-m.su/upload/resize_cache/iblock/43c/238_150_1fc38cb385555de6e1e8d9495b004972a/sbdl8cd9jfvawdpuhsujmxfi78wldbip.jpg,motorcycle
dataset_motorcycles/output_image221.png,https://spb.x-m.su/upload/resize_cache/iblock/8d9/238_150_1fc38cb385555de6e1e8d9495b004972a/jl0quksnuq35omp5dysehx772pxstk5e.jpg,motorcycle
dataset_motorcycles/output_image222.png,https://spb.x-m.su/upload/resize_cache/iblock/73b/238_150_1fc38cb385555de6e1e8d9495b004972a/xr1534p4rth9zdh6l3yu56u29o812s37.png,motorcycle
dataset_motorcycles/output_image223.png,https://spb.x-m.su/upload/resize_cache/iblock/c83/238_150_1fc38cb385555de6e1e8d9495b004972a/ixh93hr3i8w9ilermr3dwi5siv4rm2qu.jpg,motorcycle
dataset_motorcycles/output_image224.png,https://spb.x-m.su/upload/resize_cache/iblock/b37/238_150_1fc38cb385555de6e1e8d9495b004972a/i8h1cfyrezkbn0y3e7grlii86ovoypcc.jpg,motorcycle
dataset_motorcycles/output_image225.png,https://spb.x-m.su/upload/resize_cache/iblock/9e5/238_150_1fc38cb385555de6e1e8d9495b004972a/7mfenn17t6vkf9vfsj8rabwg5m86v48t.png,motorcycle
dataset_motorcycles/output_image226.png,https://spb.x-m.su/upload/resize_cache/iblock/51a/238_150_1fc38cb385555de6e1e8d9495b004972a/sd04cn8y7dvbk6ri6t7fiyx3zf3uts7w.jpeg,motorcycle
dataset_motorcycles/output_image227.png,https://spb.x-m.su/upload/resize_cache/iblock/67b/238_150_1fc38cb385555de6e1e8d9495b004972a/rx13n7qbtfnidvbompriborfftpo4feh.png,motorcycle
dataset_motorcycles/output_image228.png,https://spb.x-m.su/upload/resize_cache/iblock/e25/238_150_1fc38cb385555de6e1e8d9495b004972a/w486lcxw9kplqjyyxwxd63prr7pqca49.JPG,motorcycle
dataset_motorcycles/output_image229.png,https://spb.x-m.su/upload/resize_cache/iblock/db9/238_150_1fc38cb385555de6e1e8d9495b004972a/76cjr4ywn3vub6iuax2yzxrew4smfu8f.webp,motorcycle
dataset_motorcycles/output_image230.png,https://spb.x-m.su/upload/resize_cache/iblock/99f/238_150_1fc38cb385555de6e1e8d9495b004972a/kjsu7vbj5mr5wxtihvqm119zuhblfnd2.jpeg,motorcycle
dataset_motorcycles/output_image231.png,https://spb.x-m.su/upload/resize_cache/iblock/156/238_150_1fc38cb385555de6e1e8d9495b004972a/0omw4dy77opznak3eftnp9dfcmn7amgv.jpg,motorcycle
dataset_motorcycles/output_image232.png,https://spb.x-m.su/upload/resize_cache/iblock/07b/238_150_1fc38cb385555de6e1e8d9495b004972a/4zlyoso8wsm335j5q1vml0tqgiga0aiq.png,motorcycle
dataset_motorcycles/output_image233.png,https://spb.x-m.su/upload/resize_cache/iblock/0a2/238_150_1fc38cb385555de6e1e8d9495b004972a/b6tmma9h3670l5a7xjrs2peq7mbtkif3.png,motorcycle
dataset_motorcycles/output_image234.png,https://spb.x-m.su/upload/resize_cache/iblock/47a/238_150_1fc38cb385555de6e1e8d9495b004972a/v4l2wp1h42cxxh2bmiudcuxiibpv3g8m.png,motorcycle
dataset_motorcycles/output_image235.png,https://spb.x-m.su/upload/resize_cache/iblock/5b8/238_150_1fc38cb385555de6e1e8d9495b004972a/mqay07yg6djfw7060see812x3at0nj9b.webp,motorcycle
dataset_motorcycles/output_image236.png,https://spb.x-m.su/upload/resize_cache/iblock/783/238_150_1fc38cb385555de6e1e8d9495b004972a/vvp94rqaain4iqz8yzjj8j2bqgcsygt1.png,motorcycle
dataset_motorcycles/output_image237.png,https://spb.x-m.su/upload/resize_cache/iblock/008/238_150_1fc38cb385555de6e1e8d9495b004972a/i3zs2ii9yei7scvra8wq3nrei36hr4cr.jpeg,motorcycle
dataset_motorcycles/output_image238.png,https://spb.x-m.su/upload/resize_cache/iblock/1ba/238_150_1fc38cb385555de6e1e8d9495b004972a/2cldmfpe0c4a4h0shfwmu708s1wenro3.jpeg,motorcycle
dataset_motorcycles/output_image239.png,https://spb.x-m.su/upload/resize_cache/iblock/8e6/238_150_1fc38cb385555de6e1e8d9495b004972a/zsq46ksz12j4t02dvxcm0an0ceghbusy.png,motorcycle
dataset_motorcycles/output_image240.png,https://spb.x-m.su/upload/resize_cache/iblock/f4c/238_150_1fc38cb385555de6e1e8d9495b004972a/pqfqr22n7465x4ou2gf4k1pn4tyn9ysd.jpg,motorcycle
dataset_motorcycles/output_image241.png,https://spb.x-m.su/upload/resize_cache/iblock/3c8/238_150_1fc38cb385555de6e1e8d9495b004972a/1452v7pz0sstjnqh4syzisekp4k0h9dx.jpg,motorcycle
dataset_motorcycles/output_image242.png,https://spb.x-m.su/upload/resize_cache/iblock/e64/238_150_1fc38cb385555de6e1e8d9495b004972a/34lrqxjgffnxu0y0s8h20rxfq5kfjgen.webp,motorcycle
dataset_motorcycles/output_image243.png,https://spb.x-m.su/upload/resize_cache/iblock/ee0/238_150_1fc38cb385555de6e1e8d9495b004972a/u8ape2ktlwc9ui5p4dwntd82yhqn97za.png,motorcycle
dataset_motorcycles/output_image244.png,https://spb.x-m.su/upload/resize_cache/iblock/890/238_150_1fc38cb385555de6e1e8d9495b004972a/kfpt2qo0hh1bp0fhjupvzp9j0ph3dwq2.webp,motorcycle
dataset_motorcycles/output_image245.png,https://spb.x-m.su/upload/resize_cache/iblock/e4e/238_150_1fc38cb385555de6e1e8d9495b004972a/rp2t523kpff18v252bieote1ozx63w8e.png,motorcycle
dataset_motorcycles/output_image246.png,https://spb.x-m.su/upload/resize_cache/iblock/0e8/238_150_1fc38cb385555de6e1e8d9495b004972a/j26fqm9elmpuwta67qu5ait44nz57ivc.png,motorcycle
dataset_motorcycles/output_image247.png,https://spb.x-m.su/upload/resize_cache/iblock/31c/238_150_1fc38cb385555de6e1e8d9495b004972a/e8j6yqhzd100f4l4y6tdij4zadd13bm4.png,motorcycle
dataset_motorcycles/output_image248.png,https://spb.x-m.su/upload/resize_cache/iblock/eea/238_150_1fc38cb385555de6e1e8d9495b004972a/omptxy6mfabhetqmre5uxe2gnk9dymj4.jpeg,motorcycle
dataset_motorcycles/output_image249.png,https://spb.x-m.su/upload/resize_cache/iblock/a8c/238_150_1fc38cb385555de6e1e8d9495b004972a/txqrrutucfgdyeq7wn9vtk9lgvxtj3ot.jpg,motorcycle
dataset_motorcycles/output_image250.png,https://spb.x-m.su/upload/resize_cache/iblock/a50/238_150_1fc38cb385555de6e1e8d9495b004972a/0wlnuub9t2saow10wfg67w73jleq3m0p.png,motorcycle
dataset_motorcycles/output_image251.png,https://spb.x-m.su/upload/resize_cache/iblock/e92/238_150_1fc38cb385555de6e1e8d9495b004972a/0yjdo28kt4if927quilohr9x79l9tnz4.jpg,motorcycle
dataset_motorcycles/output_image252.png,https://spb.x-m.su/upload/resize_cache/iblock/93d/238_150_1fc38cb385555de6e1e8d9495b004972a/81ch4pvmdwjcjl5j5m2alafoc1xzjxds.jpeg,motorcycle
dataset_motorcycles/output_image253.png,https://spb.x-m.su/upload/resize_cache/iblock/fe2/238_150_1fc38cb385555de6e1e8d9495b004972a/lobhg0fdrwe5ryf74lqxlwoekv633vyk.png,motorcycle
dataset_motorcycles/output_image254.png,https://spb.x-m.su/upload/resize_cache/iblock/d57/238_150_1fc38cb385555de6e1e8d9495b004972a/36iuoconjzcdj1s79wj124snuuv71uxf.jpg,motorcycle
dataset_motorcycles/output_image255.png,https://spb.x-m.su/upload/resize_cache/iblock/4f6/238_150_1fc38cb385555de6e1e8d9495b004972a/idro7x8eu489gbkat09kddadbmgdgrbo.webp,motorcycle
dataset_motorcycles/output_image256.png,https://spb.x-m.su/upload/resize_cache/iblock/b95/238_150_1fc38cb385555de6e1e8d9495b004972a/v3hwpjmhd3gfvxblkr55i6ug7jzobto0.jpeg,motorcycle
dataset_motorcycles/output_image257.png,https://spb.x-m.su/upload/resize_cache/iblock/9d4/238_150_1fc38cb385555de6e1e8d9495b004972a/z8spuio17x1xvi819i371wwl8ggm37h3.jpeg,motorcycle
dataset_motorcycles/output_image258.png,https://spb.x-m.su/upload/resize_cache/iblock/413/238_150_1fc38cb385555de6e1e8d9495b004972a/31plp2eerkao2znw9eu4icg0hz3hetpa.jpeg,motorcycle
dataset_motorcycles/output_image259.png,https://spb.x-m.su/upload/resize_cache/iblock/b0d/238_150_1fc38cb385555de6e1e8d9495b004972a/vdkwkhqlpaq1rwnhh8mcflurpqigqf98.png,motorcycle
dataset_motorcycles/output_image260.png,https://spb.x-m.su/upload/resize_cache/iblock/8f3/238_150_1fc38cb385555de6e1e8d9495b004972a/3uc5zasu8b009uosz6ers52ax99f051q.webp,motorcycle
dataset_motorcycles/output_image261.png,https://spb.x-m.su/upload/resize_cache/iblock/221/238_150_1fc38cb385555de6e1e8d9495b004972a/r2j7n8k1tzxqj2na8hy49z26dls0q4dp.webp,motorcycle
dataset_motorcycles/output_image262.png,https://spb.x-m.su/upload/resize_cache/iblock/7e4/238_150_1fc38cb385555de6e1e8d9495b004972a/iynzx55oh121dov412rbc97dlxtgf11o.png,motorcycle
dataset_motorcycles/output_image263.png,https://spb.x-m.su/upload/resize_cache/iblock/82a/238_150_1fc38cb385555de6e1e8d9495b004972a/d23e5vpzyt5vzz4i71bdauqpk4ah6a47.png,motorcycle
dataset_motorcycles/output_image264.png,https://spb.x-m.su/upload/resize_cache/iblock/c9d/238_150_1fc38cb385555de6e1e8d9495b004972a/rr0l5ggp8oq1h68bck13sn9djfcfay3l.png,motorcycle
dataset_motorcycles/output_image265.png,https://spb.x-m.su/upload/resize_cache/iblock/328/238_150_1fc38cb385555de6e1e8d9495b004972a/w6wl3vgkuwu10bydecp3zzgxffolnn9s.jpeg,motorcycle
dataset_motorcycles/output_image266.png,https://spb.x-m.su/upload/resize_cache/iblock/70a/238_150_1fc38cb385555de6e1e8d9495b004972a/1z0u21h8abfhs1n0zdevvgi8bhetbuu3.jpg,motorcycle
dataset_motorcycles/output_image267.png,https://spb.x-m.su/upload/resize_cache/iblock/76d/238_150_1fc38cb385555de6e1e8d9495b004972a/wq07q4z0ix1cnzve36ztzxtljqq6j6a8.jpeg,motorcycle
dataset_motorcycles/output_image268.png,https://spb.x-m.su/upload/resize_cache/iblock/440/238_150_1fc38cb385555de6e1e8d9495b004972a/lomh9z8chr3ekuzpmxd2ecg297p2usy2.jpg,motorcycle
dataset_motorcycles/output_image269.png,https://spb.x-m.su/upload/resize_cache/iblock/a0e/238_150_1fc38cb385555de6e1e8d9495b004972a/a2u8e47p6z09y18ok0ll8jesc0jxqyso.png,motorcycle
dataset_motorcycles/output_image270.png,https://spb.x-m.su/upload/resize_cache/iblock/4ca/238_150_1fc38cb385555de6e1e8d9495b004972a/t7ma6u1l9u7sqzpfo6srccb1tudge0ss.png,motorcycle
dataset_motorcycles/output_image271.png,https://spb.x-m.su/upload/resize_cache/iblock/579/238_150_1fc38cb385555de6e1e8d9495b004972a/9pp2q68fmg9pgjrl5kyc92dyvpb6r2jn.png,motorcycle
dataset_motorcycles/output_image272.png,https://spb.x-m.su/upload/resize_cache/iblock/6c5/238_150_1fc38cb385555de6e1e8d9495b004972a/xyqazre1d7r1ehap7x3lofr3bgqi7odo.jpg,motorcycle
dataset_motorcycles/output_image273.png,https://spb.x-m.su/upload/resize_cache/iblock/718/238_150_1fc38cb385555de6e1e8d9495b004972a/9wmwoj1lf2sk48o420i9ges270ndlw6l.png,motorcycle
dataset_motorcycles/output_image274.png,https://spb.x-m.su/upload/resize_cache/iblock/0b3/238_150_1fc38cb385555de6e1e8d9495b004972a/bcqywk7dfjlq9x1lvd1g7en5xm6tn8cn.png,motorcycle
dataset_motorcycles/output_image275.png,https://spb.x-m.su/upload/resize_cache/iblock/808/238_150_1fc38cb385555de6e1e8d9495b004972a/u00u2ps7b1p1lox7g20pfndu1zrwqxj8.jpg,motorcycle
dataset_motorcycles/output_image276.png,https://spb.x-m.su/upload/resize_cache/iblock/76f/238_150_1fc38cb385555de6e1e8d9495b004972a/fbvuopz899g9ob6uw5ac29rkryhvi65f.png,motorcycle
dataset_motorcycles/output_image277.png,https://spb.x-m.su/upload/resize_cache/iblock/0ff/238_150_1fc38cb385555de6e1e8d9495b004972a/bkfd002uqsd3r888afu78un2kds24s4m.png,motorcycle
dataset_motorcycles/output_image278.png,https://spb.x-m.su/upload/resize_cache/iblock/a23/238_150_1fc38cb385555de6e1e8d9495b004972a/1494t228u270gpraia7zly8m96fbtg2e.png,motorcycle
dataset_motorcycles/output_image279.png,https://spb.x-m.su/upload/resize_cache/iblock/3a2/238_150_1fc38cb385555de6e1e8d9495b004972a/0p08b126ahf1c8mngm3ic2stneb0j7bi.png,motorcycle
dataset_motorcycles/output_image280.png,https://spb.x-m.su/upload/resize_cache/iblock/0ac/238_150_1fc38cb385555de6e1e8d9495b004972a/6fjdr4plb1p5g07uow2gdw4wiav8w2tt.png,motorcycle
dataset_motorcycles/output_image281.png,https://spb.x-m.su/upload/resize_cache/iblock/a2f/238_150_1fc38cb385555de6e1e8d9495b004972a/2lgrtdv8prwkszi2ton62xptyig8hx00.png,motorcycle
dataset_motorcycles/output_image282.png,https://spb.x-m.su/upload/resize_cache/iblock/28d/238_150_1fc38cb385555de6e1e8d9495b004972a/juhq0tmnbpp1z2m1m2dir3ujuntqhc6f.png,motorcycle
dataset_motorcycles/output_image283.png,https://spb.x-m.su/upload/resize_cache/iblock/7fb/238_150_1fc38cb385555de6e1e8d9495b004972a/xdnxlszrnhmasn0n985onn5whyynpjp6.jpg,motorcycle
dataset_motorcycles/output_image284.png,https://spb.x-m.su/upload/resize_cache/iblock/492/238_150_1fc38cb385555de6e1e8d9495b004972a/ph9um6ew0qlf46joz21lirbn33r7q1iv.jpg,motorcycle
dataset_motorcycles/output_image285.png,https://spb.x-m.su/upload/resize_cache/iblock/c62/238_150_1fc38cb385555de6e1e8d9495b004972a/a4tfwf5z4bxuobqsm6626ewcd17175w9.jpg,motorcycle
dataset_motorcycles/output_image286.png,https://spb.x-m.su/upload/resize_cache/iblock/e40/238_150_1fc38cb385555de6e1e8d9495b004972a/prnd6k071l7pko9z0t71lif8uyidy8ax.png,motorcycle
dataset_motorcycles/output_image287.png,https://spb.x-m.su/upload/resize_cache/iblock/68e/238_150_1fc38cb385555de6e1e8d9495b004972a/u8h37qg3dabv1cx0hurwg7rmcy2p823h.jpg,motorcycle
dataset_motorcycles/output_image288.png,https://spb.x-m.su/upload/resize_cache/iblock/c99/238_150_1fc38cb385555de6e1e8d9495b004972a/cfab1wtbvn712147gz9fcecjqkqay7sf.jpg,motorcycle
dataset_motorcycles/output_image289.png,https://spb.x-m.su/upload/resize_cache/iblock/917/238_150_1fc38cb385555de6e1e8d9495b004972a/1eeabzm4fwcdw0175306983yk85txicv.jpg,motorcycle
dataset_motorcycles/output_image290.png,https://spb.x-m.su/upload/resize_cache/iblock/f5a/238_150_1fc38cb385555de6e1e8d9495b004972a/0pi3n7y0xegvxjtwbttmjl17izo8jaei.jpg,motorcycle
dataset_motorcycles/output_image291.png,https://spb.x-m.su/upload/resize_cache/iblock/254/238_150_1fc38cb385555de6e1e8d9495b004972a/qdn9hadgpb4gko0qa7mgam31x73kljl5.jpeg,motorcycle
dataset_motorcycles/output_image292.png,https://spb.x-m.su/upload/resize_cache/iblock/6e3/238_150_1fc38cb385555de6e1e8d9495b004972a/izk5aavhv3ng3nagngbdp9rj1u3qzdjv.jpg,motorcycle
dataset_motorcycles/output_image293.png,https://spb.x-m.su/bitrix/templates/xmotors_2024.01.19/components/bitrix/catalog.section/products-tile/images/no_photo.png,motorcycle
dataset_motorcycles/output_image294.png,https://spb.x-m.su/upload/resize_cache/iblock/7d4/238_150_1fc38cb385555de6e1e8d9495b004972a/ogts9fevk71g2ncate0o7no8dugnxk3h.jpg,motorcycle
dataset_motorcycles/output_image295.png,https://spb.x-m.su/upload/resize_cache/iblock/28a/238_150_1fc38cb385555de6e1e8d9495b004972a/jz71d3mgikw0y7ve7h6b73jfau4ww01b.jpeg,motorcycle
dataset_motorcycles/output_image296.png,https://spb.x-m.su/bitrix/templates/xmotors_2024.01.19/components/bitrix/catalog.section/products-tile/images/no_photo.png,motorcycle
dataset_motorcycles/output_image297.png,https://spb.x-m.su/upload/resize_cache/iblock/8b7/238_150_1fc38cb385555de6e1e8d9495b004972a/2ozhzpxyvhhecsf0e9s70a1ryean3kl6.jpg,motorcycle
dataset_motorcycles/output_image298.png,https://spb.x-m.su/upload/resize_cache/iblock/65e/238_150_1fc38cb385555de6e1e8d9495b004972a/b4qqdjnyddx93706j31xc30ymcd4ghfn.jpg,motorcycle
dataset_motorcycles/output_image299.png,https://spb.x-m.su/upload/resize_cache/iblock/fb3/238_150_1fc38cb385555de6e1e8d9495b004972a/buxgidbbiuj75nolgf0r29zy3gi3696s.png,motorcycle
dataset_motorcycles/output_image300.png,https://spb.x-m.su/upload/resize_cache/iblock/af6/238_150_1fc38cb385555de6e1e8d9495b004972a/vrlo7xunmc494rylqf11nz0214a6ugx6.png,motorcycle
